item_id,label,family,description_en,skills_json,skill_count,digital_skill_density,innovation_score,role_level_score,interaction_count,user_support
business_intelligence_manager,business intelligence manager,data_ai,"Business intelligence managers gain knowledge of the industry, the innovative processes therein, and contrast them with the operations of the company in order to improve them. They focus their analysis in the supply chain processes, warehouses, storage, and sales as to facilitate communication and revenue improvement.","[""business management principles"", ""organisational policies"", ""business analysis"", ""corporate social responsibility"", ""operational research"", ""statistics"", ""strategic planning"", ""statistical analysis system software"", ""management consulting"", ""company policies"", ""integrate strategic foundation in daily performance"", ""gather technical information"", ""perform business analysis"", ""perform data analysis"", ""apply change management"", ""interpret business information"", ""manage business knowledge"", ""identify undetected organisational needs"", ""monitor company policy"", ""improve business processes"", ""advise on efficiency improvements"", ""track key performance indicators"", ""analyse the context of an organisation"", ""create a work atmosphere of continuous improvement"", ""develop revenue generation strategies"", ""develop company strategies"", ""ensure compliance with policies"", ""make data-driven decisions"", ""manage project metrics"", ""provide improvement strategies"", ""align efforts towards business development"", ""liaise with managers"", ""implement strategic planning"", ""continuous improvement philosophies"", ""business intelligence"", ""data mining"", ""data visualisation software"", ""risk management"", ""project management"", ""business analytics"", ""sales strategies"", ""supply chain management"", ""data models"", ""perform business research"", ""identify suppliers"", ""manage budgets"", ""use consulting techniques"", ""analyse business plans"", ""deliver business research proposals"", ""keep updated on innovations in various business fields"", ""analyse supply chain strategies"", ""implement a management system"", ""advise on tax policy"", ""recommend product improvements"", ""monitor customer behaviour"", ""train employees"", ""analyse production processes for improvement"", ""make strategic business decisions"", ""perform market research""]",59,0.22033898305084745,0.5,0.8,97,54
computer_scientist,computer scientist,data_ai,"Computer scientists conduct research in computer and information science, directed toward greater knowledge and understanding of fundamental aspects of ICT phenomena. They write research reports and proposals. Computer scientists also invent and design new approaches to computing technology, find innovative uses for existing technology and studies and solve complex problems in computing.","[""scientific research methodology"", ""data science"", ""draft scientific or academic papers and technical documentation"", ""use an application-specific interface"", ""manage research data"", ""conduct literature research"", ""write research proposals"", ""interact professionally in research and professional environments"", ""define technology strategy"", ""disseminate results to the scientific community"", ""operate open source software"", ""speak different languages"", ""execute analytical mathematical calculations"", ""apply statistical analysis techniques"", ""evaluate research activities"", ""demonstrate disciplinary expertise"", ""conduct scholarly research"", ""increase the impact of science on policy and society"", ""manage findable accessible interoperable and reusable data"", ""perform scientific research"", ""manage intellectual property rights"", ""apply for research funding"", ""use back-up and recovery tools"", ""conduct quantitative research"", ""apply research ethics and scientific integrity principles in research activities"", ""promote open innovation in research"", ""conduct research interview"", ""publish academic research"", ""promote the transfer of knowledge"", ""think abstractly"", ""execute ICT user research activities"", ""mentor individuals"", ""apply reverse engineering"", ""synthesise research publications"", ""manage personal professional development"", ""write scientific publications"", ""develop professional network with researchers and scientists"", ""integrate gender dimension in research"", ""perform project management"", ""manage open publications"", ""synthesise information"", ""conduct research across disciplines"", ""conduct qualitative research"", ""promote the participation of citizens in scientific and research activities"", ""communicate with a non-scientific audience"", ""computer simulation"", ""Apache Tomcat"", ""business intelligence"", ""MDX"", ""software frameworks"", ""data mining"", ""behavioural science"", ""innovation processes"", ""documentation types"", ""XQuery"", ""emergent technologies"", ""image recognition"", ""data engineering"", ""SQL"", ""scientific computing"", ""SPARQL"", ""information extraction"", ""operational research"", ""NoSQL"", ""mathematical physics"", ""information categorisation"", ""resource description framework query language"", ""JavaScript Framework"", ""query languages"", ""LDAP"", ""digitization"", ""unstructured data"", ""LINQ"", ""cognitive computing"", ""computational biology"", ""quantum computing"", ""N1QL"", ""create solutions to problems"", ""use spreadsheets software"", ""use presentation software"", ""perform data mining"", ""develop computer vision system"", ""teach in academic or vocational contexts"", ""use query languages"", ""innovate in ICT"", ""apply blended learning"", ""implement anti-virus software"", ""develop professional network"", ""report analysis results"", ""process data""]",90,0.2,0.25,0.6,444,216
data_analyst,data analyst,data_ai,"Data analysts import, inspect, clean, transform, validate, model, or interpret collections of data with regard to the business goals of the company. They ensure that the data sources and repositories provide consistent and reliable data. Data analysts use different algorithms and IT tools as demanded by the situation and the current data. They might prepare reports in the form of visualisations such as graphs, charts, and dashboards.","[""digital data processing"", ""information structure"", ""business intelligence"", ""data mining"", ""documentation types"", ""visual presentation techniques"", ""data engineering"", ""data visualisation software"", ""information extraction"", ""statistics"", ""information categorisation"", ""business analytics"", ""resource description framework query language"", ""query languages"", ""information confidentiality"", ""unstructured data"", ""data quality assessment"", ""data ethics"", ""data science"", ""data models"", ""normalise data"", ""use data processing techniques"", ""interpret current data"", ""establish data processes"", ""execute analytical mathematical calculations"", ""apply statistical analysis techniques"", ""perform data mining"", ""use databases"", ""integrate ICT data"", ""analyse big data"", ""handle data samples"", ""perform data cleansing"", ""define data quality criteria"", ""implement data quality processes"", ""collect ICT data"", ""manage data"", ""marketing analytics"", ""web analytics"", ""MDX"", ""information architecture"", ""social network analysis"", ""XQuery"", ""database"", ""image recognition"", ""SPARQL"", ""statistical modeling techniques"", ""research design"", ""game theory"", ""multidisciplinary research"", ""healthcare analytics"", ""LDAP"", ""data storage"", ""online analytical processing"", ""cloud technologies"", ""LINQ"", ""Hadoop"", ""N1QL"", ""gather data for forensic purposes"", ""use spreadsheets software"", ""manage quantitative data"", ""store digital data and systems"", ""manage data collection systems"", ""make data-driven decisions"", ""deliver visual presentation of data"", ""report analysis results"", ""manage cloud data and storage"", ""create data models""]",67,0.5970149253731343,0.5,0.45,33,25
data_engineer,data engineer,data_ai,"Data engineers develop the architecture needed to process, manage, and store large amounts of data which will be used by data scientists for analysis. They design the infrastructure and maintain data pipelines and warehouses to leverage data for strategic advantage.","[""digital data processing"", ""data warehouse"", ""computer science"", ""data analytics"", ""data storage"", ""database management systems"", ""cloud technologies"", ""unstructured data"", ""data models"", ""manage research data"", ""use data processing techniques"", ""establish data processes"", ""perform dimensionality reduction"", ""use databases"", ""manage ICT data architecture"", ""manage quantitative data"", ""store digital data and systems"", ""design database in the cloud"", ""create data sets"", ""manage data"", ""process data"", ""develop data processing applications"", ""implement data warehousing techniques"", ""statistics"", ""Teradata Database"", ""SAS Data Management"", ""analyse pipeline database information"", ""create data models""]",28,0.8928571428571429,0.5,0.45,112,71
data_scientist,data scientist,data_ai,"Data scientists find and interpret rich data sources, manage large amounts of data, merge data sources, ensure consistency of data-sets, and create visualisations to aid in understanding data. They build mathematical models using data, present and communicate data insights and findings to specialists and scientists in their team and if required, to a non-expert audience, and recommend ways to apply the data.","[""mathematical modelling"", ""data mining"", ""visual presentation techniques"", ""data engineering"", ""quantitative analysis"", ""data visualisation software"", ""statistical modeling techniques"", ""information extraction"", ""scientific literature"", ""statistics"", ""information categorisation"", ""resource description framework query language"", ""query languages"", ""online analytical processing"", ""data ethics"", ""data science"", ""empirical analysis"", ""data models"", ""draft scientific or academic papers and technical documentation"", ""normalise data"", ""manage research data"", ""use data processing techniques"", ""interpret current data"", ""interact professionally in research and professional environments"", ""disseminate results to the scientific community"", ""operate open source software"", ""establish data processes"", ""speak different languages"", ""execute analytical mathematical calculations"", ""evaluate research activities"", ""demonstrate disciplinary expertise"", ""use databases"", ""handle data samples"", ""increase the impact of science on policy and society"", ""manage findable accessible interoperable and reusable data"", ""perform scientific research"", ""build recommender systems"", ""perform data cleansing"", ""manage intellectual property rights"", ""apply for research funding"", ""design database scheme"", ""implement data quality processes"", ""collect ICT data"", ""apply research ethics and scientific integrity principles in research activities"", ""promote open innovation in research"", ""publish academic research"", ""promote the transfer of knowledge"", ""think abstractly"", ""mentor individuals"", ""manage data collection systems"", ""manage personal professional development"", ""write scientific publications"", ""deliver visual presentation of data"", ""report analysis results"", ""develop professional network with researchers and scientists"", ""integrate gender dimension in research"", ""perform project management"", ""manage open publications"", ""synthesise information"", ""conduct research across disciplines"", ""develop data processing applications"", ""promote the participation of citizens in scientific and research activities"", ""communicate with a non-scientific audience"", ""computer simulation"", ""marketing analytics"", ""business intelligence"", ""MDX"", ""social network analysis"", ""XQuery"", ""image recognition"", ""scientific computing"", ""SPARQL"", ""research design"", ""digital curation"", ""business analytics"", ""multidisciplinary research"", ""healthcare analytics"", ""LDAP"", ""unstructured data"", ""LINQ"", ""data quality assessment"", ""state estimation"", ""Hadoop"", ""computational biology"", ""N1QL"", ""manage ICT data classification"", ""use spreadsheets software"", ""perform data mining"", ""integrate ICT data"", ""teach in academic or vocational contexts"", ""manage ICT data architecture"", ""define data quality criteria"", ""design database in the cloud"", ""manage data"", ""apply blended learning"", ""make data-driven decisions"", ""create data models""]",97,0.422680412371134,0.5,0.6,208,113
data_warehouse_designer,data warehouse designer,data_ai,"Data warehouse designers are responsible for planning, connecting, designing, scheduling, and deploying data warehouse systems. They develop, monitor and maintain ETL processes, reporting applications and data warehouse design.","[""information structure"", ""data warehouse"", ""database"", ""web programming"", ""ICT security legislation"", ""business process modelling"", ""resource description framework query language"", ""query languages"", ""database development tools"", ""database management systems"", ""systems theory"", ""migrate existing data"", ""use markup languages"", ""develop automated migration methods"", ""assess ICT knowledge"", ""manage database"", ""create software design"", ""use databases"", ""write database documentation"", ""design database scheme"", ""operate relational database management system"", ""identify software for warehouse management"", ""create database diagrams"", ""create data sets"", ""analyse business requirements"", ""manage standards for data exchange"", ""apply ICT systems theory"", ""define technical requirements"", ""Haskell"", ""Erlang"", ""SAS language"", ""Agile project management"", ""Ruby (computer programming)"", ""Common Lisp"", ""Lisp"", ""Visual Basic"", ""Java (computer programming)"", ""MDX"", ""computer programming"", ""Prolog (computer programming)"", ""OpenEdge Advanced Business Language"", ""JavaScript"", ""DB2"", ""Microsoft Access"", ""XQuery"", ""Perl"", ""Smalltalk (computer programming)"", ""PHP"", ""OpenEdge Database"", ""Assembly (computer programming)"", ""ObjectStore"", ""C#"", ""MySQL"", ""TripleStore"", ""R"", ""Groovy"", ""ASP.NET"", ""APL"", ""SPARQL"", ""data visualisation software"", ""Microsoft Visual C++"", ""IBM Informix"", ""TypeScript"", ""CoffeeScript"", ""Objective-C"", ""ML (computer programming)"", ""LDAP"", ""PostgreSQL"", ""AJAX"", ""C++"", ""Filemaker (database management systems)"", ""SAP R3"", ""Swift (computer programming)"", ""ICT project management methodologies"", ""SQL Server"", ""MATLAB"", ""unstructured data"", ""CA Datacom/DB"", ""LINQ"", ""Python (computer programming)"", ""Scratch (computer programming)"", ""Process-based management"", ""Teradata Database"", ""lean project management"", ""VBScript"", ""Oracle Relational Database"", ""COBOL"", ""product data management"", ""MarkLogic"", ""Pascal (computer programming)"", ""ABAP"", ""data science"", ""N1QL"", ""data models"", ""Scala"", ""define database physical structure"", ""perform data analysis"", ""use access control software"", ""store digital data and systems"", ""use query languages"", ""design database in the cloud"", ""use back-up and recovery tools"", ""develop reporting software"", ""design database backup specifications"", ""apply technical communication skills"", ""respond to customers' inquiries"", ""manage cloud data and storage"", ""build business relationships"", ""perform resource planning"", ""design user interface""]",110,0.45454545454545453,0.75,0.3,52,27
digital_games_designer,digital games designer,digital_experience,"Digital games designers develop the layout, logic, concept and gameplay of a digital game. They focus on playfield design, specification writing, and entry of numeric properties that balance and tune the gameplay.","[""systems development life-cycle"", ""digital game genres"", ""web programming"", ""task algorithmisation"", ""digital game creation systems"", ""computer graphics"", ""use markup languages"", ""compose digital game story"", ""design process"", ""create concept of digital game"", ""create software design"", ""create digital game characters"", ""formulate game rules"", ""specify digital game scenes"", ""analyse business requirements"", ""manage online content"", ""define technical requirements"", ""design graphics"", ""Haskell"", ""incremental development"", ""Erlang"", ""SAS language"", ""CryEngine"", ""RAGE (digital game creation systems)"", ""Ruby (computer programming)"", ""Common Lisp"", ""Lisp"", ""hardware platforms"", ""interactive media"", ""Visual Basic"", ""Java (computer programming)"", ""principles of animation"", ""Shiva (digital game creation systems)"", ""computer programming"", ""Prolog (computer programming)"", ""OpenEdge Advanced Business Language"", ""Iterative development"", ""JavaScript"", ""3D texturing"", ""Perl"", ""Smalltalk (computer programming)"", ""PHP"", ""Assembly (computer programming)"", ""Spiral development"", ""C#"", ""R"", ""Groovy"", ""ASP.NET"", ""APL"", ""Waterfall development"", ""3D lighting"", ""ICT security legislation"", ""GameSalad"", ""Microsoft Visual C++"", ""TypeScript"", ""software design methodologies"", ""Rapid application development"", ""CoffeeScript"", ""Objective-C"", ""id Tech"", ""HeroEngine"", ""Project Anarchy"", ""ML (computer programming)"", ""Havok Vision"", ""augmented reality"", ""Unreal Engine"", ""AJAX"", ""C++"", ""SAP R3"", ""Frostbite (digital game creation systems)"", ""Swift (computer programming)"", ""MATLAB"", ""application usability"", ""Source (digital game creation systems)"", ""Python (computer programming)"", ""Gamemaker Studio"", ""Unity (digital game creation systems)"", ""Scratch (computer programming)"", ""Agile development"", ""VBScript"", ""software interaction design"", ""COBOL"", ""Pascal (computer programming)"", ""ABAP"", ""Prototyping development"", ""ICT performance analysis methods"", ""DevOps"", ""Scala"", ""create 3D environments"", ""apply 3D imaging techniques"", ""create 3D characters"", ""animate 3D organic forms"", ""manage localisation"", ""estimate duration of work"", ""operate 3D computer graphics software"", ""perform resource planning""]",96,0.3229166666666667,0.5,0.3,100,42
digital_media_designer,digital media designer,digital_experience,"Digital media designers create and edit graphics, animations, sound, text and video to assist in the creation of integrated multimedia products. They may perform activities related to the web, social networks, augmented reality and virtual reality but exclude the production of music using physical instruments and complex software sound synthesis tools. Digital media designers may program and build websites, mobile applications and other multimedia products.","[""digital content creation"", ""interactive media"", ""digital systems"", ""web programming"", ""adobe creative suite"", ""task algorithmisation"", ""web based collaborative platforms"", ""tools for software configuration management"", ""graphics editor software"", ""digital media"", ""style sheet languages"", ""authoring software"", ""publishing strategy"", ""copyright legislation"", ""use markup languages"", ""use e-services"", ""develop digital content"", ""perform image editing"", ""convert into animated object"", ""integrate content into output media"", ""manage online content"", ""provide multimedia content"", ""design graphics"", ""create website wireframe"", ""problem-solving with digital tools"", ""Haskell"", ""Erlang"", ""SAS language"", ""Ruby (computer programming)"", ""Common Lisp"", ""Apache Maven"", ""Lisp"", ""Sass"", ""Visual Basic"", ""Adobe Photoshop"", ""Java (computer programming)"", ""computer programming"", ""LESS"", ""Adobe Illustrator"", ""3D printing process"", ""Prolog (computer programming)"", ""OpenEdge Advanced Business Language"", ""visual presentation techniques"", ""JavaScript"", ""Perl"", ""Smalltalk (computer programming)"", ""PHP"", ""Assembly (computer programming)"", ""GIMP (graphics editor software)"", ""C#"", ""R"", ""Groovy"", ""ASP.NET"", ""APL"", ""WebCMS"", ""Puppet (tools for software configuration management)"", ""STAF"", ""WordPress"", ""Ansible"", ""Microsoft Visual C++"", ""SketchBook Pro"", ""TypeScript"", ""Microsoft Visio"", ""JSSS"", ""CoffeeScript"", ""Objective-C"", ""ICT software specifications"", ""ML (computer programming)"", ""multimedia systems"", ""digitization"", ""augmented reality"", ""Synfig"", ""AJAX"", ""C++"", ""SAP R3"", ""Swift (computer programming)"", ""MATLAB"", ""Salt (tools for software configuration management)"", ""audio editing software"", ""Python (computer programming)"", ""Scratch (computer programming)"", ""VBScript"", ""COBOL"", ""CSS"", ""Pascal (computer programming)"", ""ABAP"", ""Jenkins (tools for software configuration management)"", ""Capture One"", ""Scala"", ""perform online data analysis"", ""use presentation software"", ""conduct content quality assurance"", ""take pictures"", ""use content management system software"", ""perform video editing"", ""analyse business requirements"", ""edit recorded sound"", ""apply technical communication skills"", ""give live presentation"", ""study media sources"", ""define technical requirements"", ""build business relationships"", ""perform resource planning""]",103,0.3300970873786408,0.25,0.3,350,142
web_content_manager,web content manager,digital_experience,"Web content managers curate or create content for a web platform according to the long-term strategic goals, policies and procedures for an organisation's online content or their customers. They control and monitor compliance with standards, legal and privacy regulations and ensure web optimisation. They are also responsible for integrating the work of writers and designers to produce a final layout which is compatible with corporate standards.","[""digital content creation"", ""information structure"", ""keywords in digital content"", ""web programming"", ""web based collaborative platforms"", ""legal requirements of ICT products"", ""style sheet languages"", ""authoring software"", ""publishing strategy"", ""content development processes"", ""use markup languages"", ""translate requirement concepts into content"", ""identify customer requirements"", ""ensure compliance with legal requirements"", ""conduct content quality assurance"", ""translate requirements into visual design"", ""apply tools for content development"", ""comply with legal regulations"", ""ensure compliance with company regulations"", ""use content management system software"", ""develop digital content"", ""utilise content types"", ""interpret technical texts"", ""compile content"", ""manage content metadata"", ""conduct search engine optimisation"", ""identify legal requirements"", ""provide written content"", ""integrate content into output media"", ""manage online content"", ""create content title"", ""provide multimedia content"", ""Sass"", ""interactive media"", ""cognitive psychology"", ""LESS"", ""JavaScript"", ""PHP"", ""World Wide Web Consortium standards"", ""JSSS"", ""augmented reality"", ""content marketing strategy"", ""AJAX"", ""CSS"", ""perform online data analysis"", ""use spreadsheets software"", ""use presentation software"", ""design digital call to action"", ""proofread text"", ""use word processing software"", ""manage content development projects"", ""provide guidelines for content development"", ""ensure proper document management"", ""perform copywriting""]",54,0.2777777777777778,0.25,0.8,180,70
web_designer,web designer,digital_experience,"Web designers are in charge of creating the visual elements, layout and other aspects such as the easiness of use of a website. They follow the different phases of a website creation from the design to the implementation until it goes live. They work side by side with front-end developers to design user interfaces that met the needs of customers and are also appealing. They are responsible of developing mock-ups and of confirming the technical feasibility of the product. They can use and put together various types of elements for the website including graphics, animations, text, videos and photos. They are in contact with clients and stakeholders of the company to ensure that the design of the website meets their needs.","[""JavaScript"", ""WebCMS"", ""web programming"", ""JavaScript Framework"", ""use markup languages"", ""implement front-end website design"", ""establish customer rapport"", ""collaborate with designers"", ""compose description for web elements"", ""create website wireframe"", ""Adobe Photoshop"", ""GIMP (graphics editor software)"", ""JSSS"", ""IBM WebSphere"", ""graphics editor software"", ""style sheet languages"", ""Joomla"", ""CSS"", ""design web-based courses"", ""manage online content"", ""manage website"", ""enhance website visibility""]",22,0.5,0.0,0.3,467,188
automation_engineer,automation engineer,hardware_automation,"Automation engineers research, design, and develop applications and systems for the automation of the production process. They implement technology and reduce, whenever applicable, human input to reach the full potential of industrial robotics. Automation engineers oversee the process and ensure all systems run safely and smoothly.","[""production processes"", ""engineering principles"", ""manufacturing processes"", ""design drawings"", ""electrical engineering"", ""mathematics"", ""technical drawings"", ""physics"", ""sensors"", ""automatic control system"", ""engineering processes"", ""robotic components"", ""computer engineering"", ""electronics"", ""mechanical engineering"", ""industrial engineering"", ""control engineering"", ""mechatronics"", ""robotics"", ""automation technology"", ""manage research data"", ""gather technical information"", ""conduct literature research"", ""develop electronic test procedures"", ""interact professionally in research and professional environments"", ""operate open source software"", ""record test data"", ""monitor manufacturing quality standards"", ""demonstrate disciplinary expertise"", ""conduct quality control analysis"", ""adjust engineering designs"", ""use technical drawing software"", ""analyse test data"", ""simulate mechatronic design concepts"", ""think abstractly"", ""manage personal professional development"", ""develop mechatronic test procedures"", ""design prototypes"", ""report analysis results"", ""perform project management"", ""define technical requirements"", ""prepare production prototypes"", ""approve engineering design"", ""synthesise information"", ""design automation components"", ""maritime law"", ""model based system engineering"", ""electromechanics"", ""safety engineering"", ""microelectronics"", ""firmware"", ""CAE software"", ""quality standards"", ""guidance, navigation and control"", ""microelectromechanical systems"", ""marine technology"", ""draft scientific or academic papers and technical documentation"", ""communicate with customers"", ""design firmware"", ""disseminate results to the scientific community"", ""speak different languages"", ""assemble sensors"", ""evaluate research activities"", ""assemble hardware components"", ""install mechatronic equipment"", ""perform test run"", ""define manufacturing quality criteria"", ""teach in academic or vocational contexts"", ""increase the impact of science on policy and society"", ""manage findable accessible interoperable and reusable data"", ""perform scientific research"", ""manage intellectual property rights"", ""create technical plans"", ""apply for research funding"", ""test mechatronic units"", ""test sensors"", ""maintain robotic equipment"", ""write routine reports"", ""use CAM software"", ""monitor automated machines"", ""coordinate engineering teams"", ""install automation components"", ""apply research ethics and scientific integrity principles in research activities"", ""follow standards for machinery safety"", ""promote open innovation in research"", ""examine engineering principles"", ""publish academic research"", ""promote the transfer of knowledge"", ""mentor individuals"", ""draft bill of materials"", ""use CAD software"", ""apply blended learning"", ""write scientific publications"", ""install software"", ""replace machines"", ""develop professional network with researchers and scientists"", ""integrate gender dimension in research"", ""program firmware"", ""manage open publications"", ""assemble mechatronic units"", ""build business relationships"", ""maintain safe engineering watches"", ""maintain control systems for automated equipment"", ""set up automotive robot"", ""perform resource planning"", ""conduct research across disciplines"", ""promote the participation of citizens in scientific and research activities"", ""develop product design"", ""communicate with a non-scientific audience""]",109,0.22018348623853212,1.0,0.45,96,37
embedded_systems_software_developer,embedded systems software developer,hardware_automation,"Embedded systems software developers program, implement, document and maintain software to be run on an embedded system.","[""embedded systems"", ""computer programming"", ""digital systems"", ""ICT debugging tools"", ""integrated development environment software"", ""tools for software configuration management"", ""Internet of Things"", ""utilise computer-aided software engineering tools"", ""debug software"", ""use software design patterns"", ""develop software prototype"", ""develop ICT device driver"", ""interpret technical texts"", ""use software libraries"", ""create flowchart diagram"", ""analyse software specifications"", ""Haskell"", ""KDevelop"", ""SAS language"", ""Ruby (computer programming)"", ""Common Lisp"", ""Apache Maven"", ""Lisp"", ""Visual Basic"", ""Java (computer programming)"", ""Prolog (computer programming)"", ""OpenEdge Advanced Business Language"", ""JavaScript"", ""Perl"", ""PHP"", ""software anomalies"", ""Xcode"", ""Assembly (computer programming)"", ""C#"", ""R"", ""Groovy"", ""ASP.NET"", ""APL"", ""object-oriented modelling"", ""Puppet (tools for software configuration management)"", ""STAF"", ""Eclipse (integrated development environment software)"", ""Ansible"", ""ICT security legislation"", ""Microsoft Visual C++"", ""TypeScript"", ""World Wide Web Consortium standards"", ""Objective-C"", ""ML (computer programming)"", ""SPARK"", ""AJAX"", ""C++"", ""trading software"", ""SAP R3"", ""Swift (computer programming)"", ""MATLAB"", ""Salt (tools for software configuration management)"", ""Python (computer programming)"", ""Scratch (computer programming)"", ""VBScript"", ""COBOL"", ""Pascal (computer programming)"", ""ABAP"", ""Jenkins (tools for software configuration management)"", ""Scala"", ""develop automated migration methods"", ""use concurrent programming"", ""use logic programming"", ""use object-oriented programming"", ""collect customer feedback on applications"", ""use automatic programming"", ""develop creative ideas"", ""use functional programming"", ""integrate system components"", ""adapt to changes in technological development plans"", ""design user interface""]",76,0.47368421052631576,0.75,0.45,48,29
chief_ict_security_officer,chief ict security officer,infrastructure_security,"Chief ICT security officers protect company and employee information against unauthorized access. They also define the Information System security policy, manage security deployment across all Information Systems and ensure the provision of information availability.","[""ICT safety"", ""internal risk management policy"", ""ethical hacking principles"", ""information security strategy"", ""ICT network security risks"", ""decision support systems"", ""ICT security standards"", ""attack vectors"", ""cyber attack counter-measures"", ""audit techniques"", ""risk management"", ""security engineering"", ""ICT security legislation"", ""organisational resilience"", ""assessment of risks and threats"", ""cyber security"", ""ICT project management"", ""data protection"", ""information confidentiality"", ""ICT project management methodologies"", ""ethics"", ""ICT process quality models"", ""manage IT security compliances"", ""establish an ICT security prevention plan"", ""implement ICT security policies"", ""forecast organisational risks"", ""ensure compliance with legal requirements"", ""monitor developments in field of expertise"", ""manage system security"", ""develop information security strategy"", ""comply with legal regulations"", ""communicate with stakeholders"", ""establish an Information Security Management System"", ""manage disaster recovery plans"", ""implement ICT risk management"", ""educate on data confidentiality"", ""ensure information privacy"", ""monitor technology trends"", ""maintain plan for continuity of operations"", ""engage with stakeholders"", ""ensure cross-department cooperation"", ""ensure adherence to organisational ICT standards"", ""lead disaster recovery exercises"", ""utilise decision support system"", ""advice on security risk management"", ""implement corporate governance"", ""identify ICT security risks"", ""computer forensics"", ""cloud security and compliance"", ""computer programming"", ""software anomalies"", ""internet governance"", ""ICT communications protocols"", ""World Wide Web Consortium standards"", ""cloud monitoring and reporting"", ""web application security threats"", ""control objectives for information and related technology"", ""cloud technologies"", ""ICT recovery techniques"", ""ICT system user requirements"", ""ICT infrastructure"", ""ICT encryption"", ""Internet of Things"", ""create solutions to problems"", ""assess ICT knowledge"", ""conduct impact evaluation of ICT processes on business"", ""manage staff"", ""protect personal data and privacy"", ""optimise choice of ICT solution"", ""use different communication channels"", ""execute ICT audits"", ""implement a virtual private network"", ""coordinate technological activities"", ""identify legal requirements"", ""implement anti-virus software"", ""manage digital identity"", ""implement cloud security and compliance"", ""apply operations for an ITIL-based environment"", ""train employees"", ""implement a firewall"", ""manage keys for data protection""]",81,0.6049382716049383,1.0,1.0,67,36
cloud_architect,cloud architect,infrastructure_security,"Cloud architects are responsible for converting the technical features of a project into the architecture to lead to the final product. To develop technical cloud strategy, they have in-depth knowledge of the architectural principles and services, assisting with cloud migration efforts, review workload architectures, and provide guidance on how to address high-risk issues. They typically perform in a pre-sales capacity and are often asked to deliver proof-of-concept projects, topical workshops, and lead implementation projects. They team up with DevOps engineers to build the appropriate technologies.","[""cloud technologies"", ""plan migration to cloud"", ""design cloud architecture"", ""design cloud networks"", ""deploy cloud resource"", ""collaborate with engineers"", ""Agile project management"", ""cloud security and compliance"", ""ICT architectural frameworks"", ""Agile development"", ""DevOps"", ""do cloud refactoring"", ""develop with cloud services"", ""coordinate engineering teams"", ""design database in the cloud"", ""automate cloud tasks"", ""design for organisational complexity""]",17,0.7058823529411765,1.0,0.8,63,45
cloud_devops_engineer,cloud devops engineer,infrastructure_security,"Cloud DevOps engineers implement and manage continuous software delivery systems and methodologies. This includes managing and configuring code repositories, build services, automated testing, and deployment mechanisms. For cloud-based workloads, a Cloud DevOps Engineer define and deploy infrastructure as code, automating test and development environments. They can define and configure automated disaster recovery solutions that meet business objectives.","[""cloud security and compliance"", ""software frameworks"", ""JavaScript"", ""system backup best practice"", ""computer engineering"", ""cloud monitoring and reporting"", ""integrated development environment software"", ""ICT system programming"", ""cloud technologies"", ""DevOps"", ""Jenkins (tools for software configuration management)"", ""plan migration to cloud"", ""design cloud architecture"", ""do cloud refactoring"", ""design cloud networks"", ""deploy cloud resource"", ""manage disaster recovery plans"", ""develop with cloud services"", ""design database in the cloud"", ""implement cloud security and compliance"", ""automate cloud tasks"", ""manage cloud data and storage"", ""design for organisational complexity"", ""implement ICT recovery system"", ""KDevelop"", ""ASP.NET"", ""Eclipse (integrated development environment software)"", ""ICT project management methodologies"", ""application usability"", ""Agile development""]",30,0.7333333333333333,1.0,0.45,87,54
cybersecurity_risk_manager,cybersecurity risk manager,infrastructure_security,"Cybersecurity risk managers identify, analyse, assess, estimate and mitigate cybersecurity-related risks of ICT infrastructures such as systems or services. They manage these aspects by planning risk analysis, applying, reporting, assessing, communicating, and treating them. They establish a risk management strategy for the organisation and ensure that risks remain at an acceptable level for the organisation by selecting mitigation actions and controls.","[""ICT safety"", ""internal risk management policy"", ""ethical hacking principles"", ""information security strategy"", ""ICT network security risks"", ""ICT security standards"", ""attack vectors"", ""cyber attack counter-measures"", ""security threats"", ""risk management"", ""security engineering"", ""assessment of risks and threats"", ""cyber security"", ""ICT performance analysis methods"", ""establish an ICT security prevention plan"", ""manage system security"", ""communicate with stakeholders"", ""establish an Information Security Management System"", ""implement ICT risk management"", ""engage with stakeholders"", ""ensure adherence to organisational ICT standards"", ""advice on security risk management"", ""domain name service"", ""systems development life-cycle"", ""computer forensics"", ""cloud security and compliance"", ""ICT quality policy"", ""decision support systems"", ""internet governance"", ""Outsourcing model"", ""hybrid model"", ""audit techniques"", ""tools for ICT test automation"", ""ICT security legislation"", ""organisational resilience"", ""service-oriented modelling"", ""levels of software testing"", ""cloud monitoring and reporting"", ""web application security threats"", ""ICT project management"", ""ICT problem management techniques"", ""information confidentiality"", ""legal requirements of ICT products"", ""Open source model"", ""investment analysis"", ""ICT recovery techniques"", ""ICT system user requirements"", ""mobile device management"", ""ICT encryption"", ""Internet of Things"", ""ICT process quality models"", ""use an application-specific interface"", ""implement ICT security policies"", ""define technology strategy"", ""develop information security strategy"", ""define security policies"", ""use ICT ticketing system"", ""manage disaster recovery plans"", ""develop with cloud services"", ""execute ICT audits"", ""use back-up and recovery tools"", ""remove computer virus or malware from a computer"", ""solve ICT system problems"", ""implement a virtual private network"", ""implement anti-virus software"", ""implement cloud security and compliance"", ""implement spam protection"", ""lead disaster recovery exercises"", ""design for organisational complexity"", ""implement a firewall"", ""manage keys for data protection"", ""identify ICT security risks""]",72,0.6111111111111112,1.0,0.8,86,54
data_centre_operator,data centre operator,infrastructure_security,"Data centre operators maintain computer operations within the data centre. They manage daily activities within the centre to solve problems, maintain the system availability, and evaluate the system's performance.","[""resource description framework query language"", ""query languages"", ""database management systems"", ""migrate existing data"", ""administer ICT system"", ""keep up with the latest information systems solutions"", ""manage database"", ""analyse ICT system"", ""monitor system performance"", ""balance database resources"", ""maintain database performance"", ""maintain database security"", ""maintain ICT server"", ""develop contingency plans for emergencies"", ""MDX"", ""DB2"", ""Microsoft Access"", ""XQuery"", ""OpenEdge Database"", ""ObjectStore"", ""MySQL"", ""SPARQL"", ""IBM Informix"", ""World Wide Web Consortium standards"", ""database development tools"", ""information confidentiality"", ""LDAP"", ""data storage"", ""PostgreSQL"", ""Filemaker (database management systems)"", ""SQL Server"", ""unstructured data"", ""CA Datacom/DB"", ""LINQ"", ""business ICT systems"", ""Teradata Database"", ""N1QL"", ""data models"", ""create solutions to problems"", ""develop automated migration methods"", ""use different communication channels"", ""use databases"", ""use ICT ticketing system"", ""use back-up and recovery tools"", ""implement a virtual private network"", ""implement anti-virus software"", ""control of expenses"", ""implement a firewall"", ""integrate system components""]",49,0.5306122448979592,0.75,0.3,111,51
database_integrator,database integrator,infrastructure_security,Database integrators perform integration among different databases. They maintain integration and ensure interoperability.,"[""information structure"", ""domain name service"", ""ICT debugging tools"", ""resource description framework query language"", ""query languages"", ""data extraction, transformation and loading tools"", ""database management systems"", ""use interface description language"", ""integrate ICT data"", ""perform data cleansing"", ""create database diagrams"", ""manage ICT legacy implication"", ""balance database resources"", ""manage data"", ""execute integration testing"", ""verify formal ICT specifications"", ""implement data warehousing techniques"", ""systems development life-cycle"", ""Informatica PowerCenter"", ""business intelligence"", ""IBM InfoSphere DataStage"", ""MDX"", ""Oracle Warehouse Builder"", ""digital systems"", ""Oracle Data Integrator"", ""DB2"", ""Microsoft Access"", ""XQuery"", ""Pentaho Data Integration"", ""database"", ""OpenEdge Database"", ""inter-organisational middleware system"", ""data engineering"", ""ObjectStore"", ""MySQL"", ""TripleStore"", ""SPARQL"", ""SQL Server Integration Services"", ""IBM InfoSphere Information Server"", ""IBM Informix"", ""QlikView Expressor"", ""LDAP"", ""PostgreSQL"", ""Filemaker (database management systems)"", ""SQL Server"", ""CA Datacom/DB"", ""LINQ"", ""systems theory"", ""Teradata Database"", ""Oracle Relational Database"", ""SAS Data Management"", ""MarkLogic"", ""N1QL"", ""SAP Data Services"", ""system design"", ""create solutions to problems"", ""perform data mining"", ""define data quality criteria"", ""use scripting programming"", ""write database documentation"", ""execute ICT audits"", ""define integration strategy"", ""design application interfaces"", ""apply ICT systems theory"", ""perform project management"", ""manage cloud data and storage"", ""manage ICT semantic integration""]",67,0.5522388059701493,0.75,0.2,69,47
ict_help_desk_agent,ict help desk agent,infrastructure_security,"ICT help desk agents provide technical assistance to computer users, answer questions or solve computer problems for clients via telephone or electronically. They provide assistance concerning the use of computer hardware and software.","[""characteristics of products"", ""ICT system user requirements"", ""product comprehension"", ""characteristics of services"", ""guarantee customer satisfaction"", ""keep up to date on product knowledge"", ""create solutions to problems"", ""communicate with customers"", ""manage schedule of tasks"", ""keep task records"", ""assist customers"", ""use ICT ticketing system"", ""use ICT hardware"", ""identify customer's needs"", ""use customer relationship management software"", ""solve ICT system problems"", ""provide ICT support"", ""support ICT system users"", ""provide customer follow-up services"", ""prioritise requests"", ""knowledge base"", ""ICT help platforms"", ""information confidentiality"", ""ICT infrastructure"", ""handle helpdesk problems"", ""use e-services"", ""perform data analysis"", ""answer incoming calls"", ""educate on data confidentiality"", ""perform escalation procedure"", ""implement a virtual private network"", ""implement anti-virus software""]",32,0.40625,0.25,0.2,60,36
ict_network_technician,ict network technician,infrastructure_security,"ICT network technicians install, maintain and troubleshoot networks, data communications equipment and network installed devices such as printers and storage area networks. They also analyse and fix network-related problems reported by users.","[""ICT network routing"", ""ICT network security risks"", ""ICT network cable limitations"", ""network standards"", ""ICT networking hardware"", ""create solutions to problems"", ""identify suppliers"", ""implement ICT security policies"", ""analyse network configuration and performance"", ""use back-up and recovery tools"", ""install electronic communication equipment"", ""use precision tools"", ""implement a virtual private network"", ""adjust ICT system capacity"", ""maintain internet protocol configuration"", ""implement anti-virus software"", ""implement ICT network diagnostic tools"", ""analyse network bandwidth requirements"", ""implement a firewall"", ""install signal repeaters"", ""network engineering"", ""network management system tools"", ""Apache Tomcat"", ""procurement of ICT network equipment"", ""digital systems"", ""electronics principles"", ""ICT debugging tools"", ""ICT communications protocols"", ""Cisco"", ""ICT security legislation"", ""ICT system programming"", ""concepts of telecommunications"", ""migrate existing data"", ""design cloud architecture"", ""solder electronics"", ""use ICT hardware"", ""remove computer virus or malware from a computer"", ""implement spam protection"", ""perform ICT security testing""]",39,0.6410256410256411,1.0,0.3,102,60
ict_system_administrator,ict system administrator,infrastructure_security,"ICT system administrators are responsible for the upkeep, configuration, and reliable operation of computer and network systems, servers, workstations and peripheral devices. They may acquire, install, or upgrade computer components and software; automate routine tasks; write computer programs; troubleshoot; train and supervise staff; and provide technical support. They ensure optimum system integrity, security, backup and performance.","[""domain name service"", ""digital systems"", ""organisational policies"", ""software components libraries"", ""hardware components"", ""security engineering"", ""ICT system programming"", ""quality assurance methodologies"", ""ICT system user requirements"", ""ICT infrastructure"", ""network standards"", ""operating systems"", ""migrate existing data"", ""apply system organisational policies"", ""administer ICT system"", ""implement ICT security policies"", ""manage changes in ICT system"", ""manage system security"", ""use back-up and recovery tools"", ""interpret technical texts"", ""monitor system performance"", ""apply ICT system usage policies"", ""solve ICT system problems"", ""implement a virtual private network"", ""implement anti-virus software"", ""manage system testing"", ""perform backups"", ""support ICT system users"", ""implement a firewall"", ""integrate system components"", ""maintain ICT system"", ""implement ICT recovery system"", ""network engineering"", ""systems development life-cycle"", ""Apache Tomcat"", ""information security strategy"", ""cloud security and compliance"", ""interfacing techniques"", ""ICT accessibility standards"", ""internet governance"", ""ICT system integration"", ""engineering processes"", ""cloud monitoring and reporting"", ""IBM WebSphere"", ""cloud technologies"", ""ICT recovery techniques"", ""system design"", ""use different communication channels"", ""provide ICT system training"", ""store digital data and systems"", ""implement ICT risk management"", ""remove computer virus or malware from a computer"", ""acquire system component"", ""interact with users to gather requirements"", ""adjust ICT system capacity"", ""implement spam protection"", ""automate cloud tasks"", ""manage cloud data and storage"", ""execute integration testing"", ""install signal repeaters""]",60,0.7166666666666667,1.0,0.45,489,263
application_engineer,application engineer,software_engineering,"Application engineers deal with the technical requirements, management, and design for the development of various engineering applications, such as systems, new product designs, or the improvements of processes. They are responsible for the implementation of a design or process improvement, they offer technical support for products, answer questions about the technical functionality and assist the sales team.","[""engineering principles"", ""technical drawings"", ""project management"", ""engineering processes"", ""use an application-specific interface"", ""perform scientific research"", ""use technical drawing software"", ""manage engineering project"", ""interpret technical requirements"", ""define technical requirements"", ""Haskell"", ""KDevelop"", ""Erlang"", ""information structure"", ""SAS language"", ""warehouse operations"", ""labour legislation"", ""Ruby (computer programming)"", ""Common Lisp"", ""Apache Maven"", ""Lisp"", ""human-robot collaboration"", ""production processes"", ""Visual Basic"", ""defence standard procedures"", ""Java (computer programming)"", ""information architecture"", ""computer programming"", ""precision engineering"", ""model based system engineering"", ""cognitive psychology"", ""speech recognition"", ""electromechanics"", ""Prolog (computer programming)"", ""precision mechanics"", ""OpenEdge Advanced Business Language"", ""modern languages"", ""machine translation"", ""manufacturing processes"", ""JavaScript"", ""electrical engineering"", ""Perl"", ""Smalltalk (computer programming)"", ""mathematics"", ""PHP"", ""software anomalies"", ""Xcode"", ""Assembly (computer programming)"", ""C#"", ""design principles"", ""R"", ""Groovy"", ""algorithms"", ""ASP.NET"", ""APL"", ""object-oriented modelling"", ""contract law"", ""ICT debugging tools"", ""Puppet (tools for software configuration management)"", ""physics"", ""STAF"", ""Vagrant"", ""Eclipse (integrated development environment software)"", ""Ansible"", ""product packaging requirements"", ""task algorithmisation"", ""ICT security legislation"", ""robotic components"", ""computer science"", ""cost management"", ""linguistics"", ""CAE software"", ""laboratory techniques"", ""Microsoft Visual C++"", ""TypeScript"", ""World Wide Web Consortium standards"", ""computer engineering"", ""quality standards"", ""integrated development environment software"", ""electronics"", ""green logistics"", ""CoffeeScript"", ""Objective-C"", ""mechanical engineering"", ""tools for software configuration management"", ""computational linguistics"", ""industrial engineering"", ""CAD software"", ""ML (computer programming)"", ""environmental engineering"", ""AJAX"", ""C++"", ""terminology"", ""probability theory"", ""SAP R3"", ""Swift (computer programming)"", ""MATLAB"", ""Salt (tools for software configuration management)"", ""Python (computer programming)"", ""grammar"", ""Scratch (computer programming)"", ""tax legislation"", ""mechatronics"", ""advanced materials"", ""VBScript"", ""COBOL"", ""product data management"", ""principles of artificial intelligence"", ""semantics"", ""logistics"", ""robotics"", ""Pascal (computer programming)"", ""ABAP"", ""transportation engineering"", ""scientific research methodology"", ""Internet of Things"", ""Jenkins (tools for software configuration management)"", ""supply chain management"", ""transcreation"", ""construction industry"", ""Scala"", ""natural language processing"", ""migrate existing data"", ""interpret circuit diagrams"", ""supervise work on design planning"", ""keep up with digital transformation of industrial processes"", ""carry out inventory planning"", ""communicate regulations"", ""maintain logistics databases"", ""develop automated migration methods"", ""perform laboratory tests"", ""identify customer requirements"", ""identify suppliers"", ""utilise computer-aided software engineering tools"", ""ensure compliance with legal requirements"", ""manage budgets"", ""debug software"", ""use concurrent programming"", ""consult with technical staff"", ""determine suitability of materials"", ""handle customer complaints"", ""develop translation memory software"", ""use software design patterns"", ""carry out tendering"", ""use logic programming"", ""speak different languages"", ""execute analytical mathematical calculations"", ""record test data"", ""troubleshoot"", ""create manufacturing guidelines"", ""advise on safety improvements"", ""apply statistical analysis techniques"", ""write specifications"", ""conduct quality control analysis"", ""adjust engineering designs"", ""perform test run"", ""manage tender processes"", ""collect samples for analysis"", ""apply advanced manufacturing"", ""maintain equipment"", ""administer multi-modal logistics"", ""create a product's virtual model"", ""meet contract specifications"", ""train staff about product features"", ""manage distribution channels"", ""perform contract compliance audits"", ""use object-oriented programming"", ""create technical plans"", ""analyse logistic changes"", ""define quality standards"", ""advise on equipment maintenance"", ""analyse stress resistance of products"", ""manage warehouse organisation"", ""adapt to new design materials"", ""archive documentation related to work"", ""identify customer's needs"", ""ensure equipment availability"", ""build a product's physical model"", ""run laboratory simulations"", ""apply safety procedures in laboratory"", ""use methods of logistical data analysis"", ""collect customer feedback on applications"", ""use testing equipment"", ""develop software prototype"", ""use automatic programming"", ""analyse test data"", ""utilise machine learning"", ""follow translation quality standards"", ""gather experimental data"", ""use software libraries"", ""advise on machinery malfunctions"", ""develop creative ideas"", ""use non-destructive testing equipment"", ""create flowchart diagram"", ""meet deadlines"", ""manage contracts"", ""inspect industrial equipment"", ""manage logistics"", ""use computer-aided translation"", ""apply grammar and spelling rules"", ""analyse supply chain strategies"", ""assess supplier risks"", ""maintain test equipment"", ""conduct ICT code review"", ""conduct search engine optimisation"", ""manage sub-contract labour"", ""ensure compliance with purchasing and contracting regulations"", ""maintain contract administration"", ""draft design specifications"", ""conduct research on trends in design"", ""manage localisation"", ""analyse stress resistance of materials"", ""compare contractors' bids"", ""develop food scanner devices"", ""develop code exploits"", ""read engineering drawings"", ""install machinery"", ""ensure cross-department cooperation"", ""use CAD software"", ""manage product testing"", ""develop licensing agreements"", ""analyse supply chain trends"", ""present artistic design proposals"", ""design prototypes"", ""conduct performance tests"", ""implement efficiency plans for logistics operations"", ""consult with design team"", ""design electromechanical systems"", ""liaise with engineers"", ""write manuals"", ""conduct experiments on animals"", ""perform project management"", ""use functional programming"", ""collaborate with designers"", ""assist scientific research"", ""execute feasibility study"", ""build business relationships"", ""apply health and safety standards"", ""estimate duration of work"", ""issue sales invoices"", ""train employees"", ""use dictionaries"", ""prepare production prototypes"", ""assess financial viability"", ""process customer orders"", ""use translation memory software"", ""integrate system components"", ""update language skills"", ""develop test procedures"", ""analyse production processes for improvement"", ""analyse software specifications"", ""adapt to changes in technological development plans"", ""manage contract disputes"", ""manage warehouse operations"", ""label samples"", ""evaluate translation technologies"", ""draw design sketches"", ""design user interface"", ""translate language concepts"", ""manage ICT semantic integration"", ""control production""]",261,0.26436781609195403,1.0,0.45,79,50
ict_application_developer,ict application developer,software_engineering,"ICT application developers implement the ICT (software) applications based on the designs provided using application domain specific languages, tools, platforms and experience.","[""computer programming"", ""ICT debugging tools"", ""service-oriented modelling"", ""integrated development environment software"", ""tools for software configuration management"", ""use an application-specific interface"", ""propose ICT solutions to business problems"", ""develop automated migration methods"", ""identify customer requirements"", ""utilise computer-aided software engineering tools"", ""debug software"", ""use software design patterns"", ""manage business knowledge"", ""develop software prototype"", ""interpret technical texts"", ""use software libraries"", ""create flowchart diagram"", ""analyse software specifications"", ""Haskell"", ""KDevelop"", ""SAS language"", ""Ruby (computer programming)"", ""Common Lisp"", ""Apache Maven"", ""Lisp"", ""Visual Basic"", ""Java (computer programming)"", ""Drupal"", ""software frameworks"", ""Prolog (computer programming)"", ""OpenEdge Advanced Business Language"", ""JavaScript"", ""Perl"", ""PHP"", ""software anomalies"", ""Xcode"", ""Assembly (computer programming)"", ""C#"", ""R"", ""Groovy"", ""ASP.NET"", ""APL"", ""SQL"", ""object-oriented modelling"", ""Outsourcing model"", ""Puppet (tools for software configuration management)"", ""hybrid model"", ""STAF"", ""Eclipse (integrated development environment software)"", ""WordPress"", ""Ansible"", ""NoSQL"", ""ICT security legislation"", ""service-oriented modelling"", ""Microsoft Visual C++"", ""TypeScript"", ""World Wide Web Consortium standards"", ""Ajax Framework"", ""Objective-C"", ""JavaScript Framework"", ""ML (computer programming)"", ""IBM WebSphere"", ""SPARK"", ""Open source model"", ""AJAX"", ""C++"", ""SAP R3"", ""Swift (computer programming)"", ""MATLAB"", ""Salt (tools for software configuration management)"", ""Python (computer programming)"", ""Scratch (computer programming)"", ""VBScript"", ""COBOL"", ""Pascal (computer programming)"", ""ABAP"", ""Internet of Things"", ""Jenkins (tools for software configuration management)"", ""Scala"", ""migrate existing data"", ""use concurrent programming"", ""use logic programming"", ""do cloud refactoring"", ""use object-oriented programming"", ""collect customer feedback on applications"", ""use query languages"", ""use automatic programming"", ""develop creative ideas"", ""develop food scanner devices"", ""use functional programming"", ""integrate system components"", ""adapt to changes in technological development plans"", ""design user interface""]",93,0.3978494623655914,1.0,0.45,630,354
ict_system_analyst,ict system analyst,software_engineering,"ICT system analysts specify the system needs to meet the end user requirements. They analyse system functions in order to define their goals or purposes and to discover operations and procedures for accomplishing them most efficiently. They also design new IT solutions to improve business efficiency and productivity, produce outline designs and estimate costs of new systems, specify the operations the system will perform, and the way data will be viewed by the end user. They present the design to the users and work closely with the users to implement the solution.","[""systems development life-cycle"", ""software architecture models"", ""digital systems"", ""decision support systems"", ""attack vectors"", ""levels of software testing"", ""online analytical processing"", ""ICT infrastructure"", ""ICT performance analysis methods"", ""software metrics"", ""use an application-specific interface"", ""identify customer requirements"", ""apply statistical analysis techniques"", ""analyse business processes"", ""analyse ICT system"", ""manage ICT legacy implication"", ""monitor system performance"", ""analyse the context of an organisation"", ""solve ICT system problems"", ""design information system"", ""interact with users to gather requirements"", ""manage system testing"", ""execute feasibility study"", ""define technical requirements"", ""identify ICT system weaknesses"", ""analyse software specifications"", ""perform ICT security testing"", ""create data models"", ""Haskell"", ""Erlang"", ""SAS language"", ""Ruby (computer programming)"", ""Common Lisp"", ""Lisp"", ""Apache Tomcat"", ""hardware platforms"", ""Visual Basic"", ""Java (computer programming)"", ""MDX"", ""computer programming"", ""data mining"", ""Prolog (computer programming)"", ""OpenEdge Advanced Business Language"", ""JavaScript"", ""XQuery"", ""Perl"", ""Smalltalk (computer programming)"", ""PHP"", ""Assembly (computer programming)"", ""C#"", ""R"", ""Groovy"", ""ASP.NET"", ""APL"", ""object-oriented modelling"", ""SPARQL"", ""Outsourcing model"", ""hybrid model"", ""audit techniques"", ""unified modelling language"", ""NoSQL"", ""service-oriented modelling"", ""Microsoft Visual C++"", ""core banking software"", ""TypeScript"", ""distributed computing"", ""resource description framework query language"", ""CoffeeScript"", ""Objective-C"", ""query languages"", ""ML (computer programming)"", ""LDAP"", ""Open source model"", ""AJAX"", ""C++"", ""SAP R3"", ""Swift (computer programming)"", ""MATLAB"", ""LINQ"", ""Python (computer programming)"", ""Scratch (computer programming)"", ""VBScript"", ""COBOL"", ""hardware architectures"", ""Pascal (computer programming)"", ""ABAP"", ""N1QL"", ""system design"", ""ICT process quality models"", ""Scala"", ""provide ICT consulting advice"", ""execute analytical mathematical calculations"", ""use query languages"", ""conduct quantitative research"", ""implement a virtual private network"", ""automate cloud tasks"", ""implement a firewall""]",97,0.3711340206185567,0.75,0.45,81,44
ict_system_developer,ict system developer,software_engineering,"ICT system developers maintain, audit and improve organisational support systems. They use existing or new technologies to meet particular needs. They test both hardware and software system components, diagnose and resolve system faults.","[""computer programming"", ""digital systems"", ""ICT debugging tools"", ""ICT system integration"", ""integrated development environment software"", ""tools for software configuration management"", ""ICT system programming"", ""migrate existing data"", ""use an application-specific interface"", ""develop automated migration methods"", ""keep up with the latest information systems solutions"", ""debug software"", ""use software design patterns"", ""collect customer feedback on applications"", ""develop software prototype"", ""interpret technical texts"", ""use software libraries"", ""create flowchart diagram"", ""solve ICT system problems"", ""analyse software specifications"", ""Haskell"", ""KDevelop"", ""SAS language"", ""Ruby (computer programming)"", ""Common Lisp"", ""Apache Maven"", ""Lisp"", ""Visual Basic"", ""defence standard procedures"", ""Java (computer programming)"", ""Prolog (computer programming)"", ""OpenEdge Advanced Business Language"", ""blockchain openness"", ""JavaScript"", ""Perl"", ""PHP"", ""software anomalies"", ""Xcode"", ""Assembly (computer programming)"", ""C#"", ""attack vectors"", ""R"", ""Groovy"", ""ASP.NET"", ""APL"", ""object-oriented modelling"", ""Puppet (tools for software configuration management)"", ""smart contract"", ""STAF"", ""Eclipse (integrated development environment software)"", ""security engineering"", ""Ansible"", ""ICT security legislation"", ""Microsoft Visual C++"", ""core banking software"", ""TypeScript"", ""World Wide Web Consortium standards"", ""blockchain platforms"", ""Objective-C"", ""ML (computer programming)"", ""AJAX"", ""C++"", ""SAP R3"", ""Swift (computer programming)"", ""MATLAB"", ""Salt (tools for software configuration management)"", ""Python (computer programming)"", ""systems theory"", ""Scratch (computer programming)"", ""VBScript"", ""COBOL"", ""Pascal (computer programming)"", ""Internet of Things"", ""Jenkins (tools for software configuration management)"", ""system design"", ""Scala"", ""plan migration to cloud"", ""design cloud architecture"", ""utilise computer-aided software engineering tools"", ""use concurrent programming"", ""use logic programming"", ""use object-oriented programming"", ""develop with cloud services"", ""design database scheme"", ""use query languages"", ""use automatic programming"", ""develop creative ideas"", ""monitor system performance"", ""implement anti-virus software"", ""apply ICT systems theory"", ""automate cloud tasks"", ""use functional programming"", ""identify ICT system weaknesses"", ""design for organisational complexity"", ""integrate system components"", ""adapt to changes in technological development plans"", ""design user interface""]",97,0.5463917525773195,1.0,0.45,586,237
ict_test_analyst,ict test analyst,software_engineering,"ICT test analysts work in testing environments, assessing products, checking for quality and accuracy, or creating tests scripts. They design tests which are then implemented by testers.","[""levels of software testing"", ""set quality assurance objectives"", ""report test findings"", ""plan software testing"", ""develop ICT test suite"", ""provide software testing documentation"", ""execute software tests"", ""address problems critically"", ""replicate customer software issues"", ""Agile project management"", ""MDX"", ""visual presentation techniques"", ""decision support systems"", ""XQuery"", ""SPARQL"", ""ICT debugging tools"", ""tools for ICT test automation"", ""resource description framework query language"", ""query languages"", ""LDAP"", ""ICT project management methodologies"", ""LINQ"", ""Process-based management"", ""lean project management"", ""ICT performance analysis methods"", ""N1QL"", ""manage schedule of tasks"", ""debug software"", ""apply statistical analysis techniques"", ""use scripting programming"", ""develop automated software tests"", ""conduct ICT code review"", ""measure software usability"", ""give live presentation"", ""perform quality audits"", ""perform software recovery testing""]",36,0.4722222222222222,0.25,0.45,254,111
software_architect,software architect,software_engineering,"Software architects create the technical design and the functional model of a software system, based on functional specifications. They also design the architecture of the system or different modules and components related to the business' or customer requirements, technical platform, computer language or development environment.","[""systems development life-cycle"", ""object-oriented modelling"", ""unified modelling language"", ""business process modelling"", ""tools for software configuration management"", ""system design"", ""use an application-specific interface"", ""align software with system architectures"", ""design process"", ""create software design"", ""provide cost benefit analysis reports"", ""collect customer feedback on applications"", ""oversee development of software"", ""create flowchart diagram"", ""analyse business requirements"", ""define technical requirements"", ""build business relationships"", ""analyse software specifications"", ""define software architecture"", ""Haskell"", ""Erlang"", ""SAS language"", ""Agile project management"", ""Ruby (computer programming)"", ""Common Lisp"", ""Apache Maven"", ""Lisp"", ""Visual Basic"", ""Java (computer programming)"", ""computer programming"", ""Prolog (computer programming)"", ""OpenEdge Advanced Business Language"", ""JavaScript"", ""Perl"", ""Smalltalk (computer programming)"", ""PHP"", ""Assembly (computer programming)"", ""C#"", ""R"", ""Groovy"", ""ASP.NET"", ""APL"", ""Puppet (tools for software configuration management)"", ""web programming"", ""STAF"", ""security engineering"", ""Ansible"", ""task algorithmisation"", ""ICT security legislation"", ""Microsoft Visual C++"", ""TypeScript"", ""CoffeeScript"", ""Objective-C"", ""ML (computer programming)"", ""SPARK"", ""WildFly"", ""AJAX"", ""C++"", ""SAP R3"", ""Swift (computer programming)"", ""ICT project management methodologies"", ""MATLAB"", ""Salt (tools for software configuration management)"", ""Python (computer programming)"", ""systems theory"", ""Scratch (computer programming)"", ""Process-based management"", ""lean project management"", ""VBScript"", ""COBOL"", ""Pascal (computer programming)"", ""ABAP"", ""Jenkins (tools for software configuration management)"", ""Scala"", ""use markup languages"", ""design cloud architecture"", ""utilise computer-aided software engineering tools"", ""perform risk analysis"", ""provide ICT consulting advice"", ""manage staff"", ""do cloud refactoring"", ""design database scheme"", ""perform ICT troubleshooting"", ""use query languages"", ""develop software prototype"", ""design database in the cloud"", ""apply ICT systems theory"", ""perform resource planning"", ""implement data warehousing techniques""]",89,0.4157303370786517,1.0,0.8,245,159
software_developer,software developer,software_engineering,"Software developers implement or program all kinds of software systems based on specifications and designs by using programming languages, tools, and platforms.","[""engineering principles"", ""computer programming"", ""technical drawings"", ""ICT debugging tools"", ""project management"", ""engineering processes"", ""integrated development environment software"", ""tools for software configuration management"", ""web services"", ""use an application-specific interface"", ""develop automated migration methods"", ""identify customer requirements"", ""utilise computer-aided software engineering tools"", ""debug software"", ""use software design patterns"", ""perform scientific research"", ""use technical drawing software"", ""manage engineering project"", ""develop software prototype"", ""use software libraries"", ""create flowchart diagram"", ""interpret technical requirements"", ""define technical requirements"", ""analyse software specifications"", ""Haskell"", ""KDevelop"", ""Erlang"", ""SAS language"", ""Ruby (computer programming)"", ""Common Lisp"", ""Apache Maven"", ""Lisp"", ""Apache Tomcat"", ""Visual Basic"", ""screen reader"", ""defence standard procedures"", ""Java (computer programming)"", ""Drupal"", ""software frameworks"", ""Prolog (computer programming)"", ""OpenEdge Advanced Business Language"", ""blockchain openness"", ""JavaScript"", ""Perl"", ""Smalltalk (computer programming)"", ""PHP"", ""software anomalies"", ""Xcode"", ""Assembly (computer programming)"", ""C#"", ""R"", ""Groovy"", ""ASP.NET"", ""cyber attack counter-measures"", ""APL"", ""SQL"", ""object-oriented modelling"", ""Puppet (tools for software configuration management)"", ""data visualisation software"", ""smart contract"", ""STAF"", ""Eclipse (integrated development environment software)"", ""WordPress"", ""Ansible"", ""NoSQL"", ""ICT security legislation"", ""Microsoft Visual C++"", ""TypeScript"", ""World Wide Web Consortium standards"", ""Oracle Application Development Framework"", ""Ajax Framework"", ""blockchain platforms"", ""CoffeeScript"", ""Objective-C"", ""JavaScript Framework"", ""ML (computer programming)"", ""IBM WebSphere"", ""SPARK"", ""AJAX"", ""C++"", ""trading software"", ""SAP R3"", ""Swift (computer programming)"", ""MATLAB"", ""Salt (tools for software configuration management)"", ""Python (computer programming)"", ""Scratch (computer programming)"", ""VBScript"", ""COBOL"", ""Pascal (computer programming)"", ""ABAP"", ""Internet of Things"", ""Jenkins (tools for software configuration management)"", ""Scala"", ""migrate existing data"", ""use concurrent programming"", ""use logic programming"", ""do cloud refactoring"", ""use object-oriented programming"", ""collect customer feedback on applications"", ""use query languages"", ""use automatic programming"", ""utilise machine learning"", ""develop creative ideas"", ""use functional programming"", ""integrate system components"", ""adapt to changes in technological development plans"", ""design user interface""]",108,0.4166666666666667,1.0,0.45,2578,1008
web_developer,web developer,software_engineering,"Web developers develop, implement and document web-accessible software based on the designs provided. They align the client's web presence with its business strategy, troubleshoot software problems and issues and look for ways to improve the application.","[""domain name service"", ""computer programming"", ""ICT debugging tools"", ""web programming"", ""World Wide Web Consortium standards"", ""integrated development environment software"", ""web based collaborative platforms"", ""tools for software configuration management"", ""style sheet languages"", ""Joomla"", ""content development processes"", ""web services"", ""use an application-specific interface"", ""use markup languages"", ""use e-services"", ""debug software"", ""use software design patterns"", ""translate requirements into visual design"", ""develop digital content"", ""collect customer feedback on applications"", ""develop software prototype"", ""interpret technical texts"", ""use software libraries"", ""create flowchart diagram"", ""implement front-end website design"", ""analyse software specifications"", ""Haskell"", ""KDevelop"", ""Erlang"", ""SAS language"", ""Ruby (computer programming)"", ""Common Lisp"", ""Apache Maven"", ""Lisp"", ""Sass"", ""Visual Basic"", ""Java (computer programming)"", ""LESS"", ""Prolog (computer programming)"", ""OpenEdge Advanced Business Language"", ""JavaScript"", ""Perl"", ""Smalltalk (computer programming)"", ""PHP"", ""software anomalies"", ""Xcode"", ""Assembly (computer programming)"", ""C#"", ""R"", ""Groovy"", ""ASP.NET"", ""APL"", ""object-oriented modelling"", ""WebCMS"", ""Puppet (tools for software configuration management)"", ""STAF"", ""Eclipse (integrated development environment software)"", ""WordPress"", ""Ansible"", ""ICT security legislation"", ""Microsoft Visual C++"", ""TypeScript"", ""JSSS"", ""web application security threats"", ""CoffeeScript"", ""Objective-C"", ""JavaScript Framework"", ""ML (computer programming)"", ""IBM WebSphere"", ""augmented reality"", ""SPARK"", ""WildFly"", ""AJAX"", ""C++"", ""SAP R3"", ""Swift (computer programming)"", ""MATLAB"", ""Salt (tools for software configuration management)"", ""Python (computer programming)"", ""Scratch (computer programming)"", ""VBScript"", ""COBOL"", ""CSS"", ""Pascal (computer programming)"", ""ABAP"", ""Jenkins (tools for software configuration management)"", ""Scala"", ""migrate existing data"", ""utilise computer-aided software engineering tools"", ""use presentation software"", ""use concurrent programming"", ""conduct content quality assurance"", ""use logic programming"", ""use object-oriented programming"", ""use query languages"", ""use automatic programming"", ""use word processing software"", ""develop creative ideas"", ""implement anti-virus software"", ""use functional programming"", ""compose description for web elements"", ""adapt to changes in technological development plans"", ""design user interface""]",103,0.44660194174757284,0.75,0.45,209,134
green_ict_consultant,green ict consultant,tech_management,"Green ICT consultants advise organisations on their green ICT strategy and its implementation in the most effective and efficient manner to allow the organisation to reach their short, mid, and long term ICT environmental objectives.","[""sustainable technologies"", ""green building standards"", ""resource-efficient technologies"", ""sustainability consulting"", ""ICT environmental policies"", ""ensure compliance with environmental legislation"", ""create project specifications"", ""provide ICT consulting advice"", ""optimise choice of ICT solution"", ""apply business acumen"", ""promote environmental awareness"", ""consult with business clients"", ""manage environmental impact of operations"", ""report on environmental issues"", ""emergent technologies"", ""ICT sales methodologies"", ""legal requirements of ICT products"", ""copyright legislation"", ""ICT market"", ""software components suppliers"", ""hardware components suppliers"", ""corporate sustainability"", ""ICT power consumption"", ""identify processes for re-engineering"", ""track key performance indicators"", ""advise on environmental remediation"", ""define technical requirements""]",27,0.4074074074074074,0.25,0.6,813,414
ict_account_manager,ict account manager,tech_management,"ICT account managers build business relationships with customers to facilitate the sale of hardware, software, telecommunications or ICT services. They also identify opportunities and manage sourcing and delivery of products to customers. They achieve sales targets and maintain profitability.","[""sales argumentation"", ""service-oriented modelling"", ""accounting techniques"", ""channel marketing"", ""product comprehension"", ""sales strategies"", ""guarantee customer satisfaction"", ""apply company policies"", ""implement marketing strategies"", ""maintain relationship with customers"", ""perform data analysis"", ""perform customers\u2019 needs analysis"", ""implement customer follow-up"", ""manage contracts"", ""use customer relationship management software"", ""maximise sales revenues"", ""produce sales reports"", ""develop account strategy"", ""implement sales strategies"", ""identify new business opportunities"", ""keep records on sales"", ""Outsourcing model"", ""hybrid model"", ""service-oriented modelling"", ""Open source model"", ""study sales levels of products"", ""ensure compliance with legal requirements"", ""deliver a sales pitch"", ""perform data mining"", ""forecast account metrics"", ""adhere to organisational guidelines"", ""coordinate technological activities"", ""achieve sales targets"", ""maintain customer records"", ""set sales goals"", ""build business relationships"", ""identify ICT user needs"", ""implement strategic planning"", ""perform market research""]",39,0.15384615384615385,0.5,0.8,635,278
ict_operations_manager,ict operations manager,tech_management,"ICT operations managers coordinate ICT services and infrastructure ensuring that the organisation has the required infrastructural resources. They also plan and monitor stages of either a business process or a computer process, negotiate contracts and take mitigation action in case of non-fulfilment of agreements. They oversee the day-to-day tasks involving infrastructure components, ICT systems and software.","[""operations management"", ""innovation processes"", ""digital systems"", ""manage changes in ICT system"", ""manage budgets"", ""define technology strategy"", ""design process"", ""manage staff"", ""maintain relationship with suppliers"", ""use different communication channels"", ""oversee quality control"", ""use ICT ticketing system"", ""develop ICT workflow"", ""improve business processes"", ""attend to ICT systems quality"", ""track key performance indicators"", ""perform project management"", ""train employees"", ""systems development life-cycle"", ""software components libraries"", ""hardware components"", ""contract law"", ""crowdsourcing strategy"", ""outsourcing strategy"", ""engineering processes"", ""core banking software"", ""software components suppliers"", ""hardware components suppliers"", ""insourcing strategy"", ""ICT process quality models"", ""implement ICT security policies"", ""develop information standards"", ""comply with legal regulations"", ""provide cost benefit analysis reports"", ""recruit employees"", ""implement ICT risk management"", ""manage contracts"", ""perform procurement processes"", ""implement a virtual private network"", ""coordinate technological activities"", ""apply organisational techniques""]",41,0.36585365853658536,0.5,0.8,112,61
ict_project_manager,ict project manager,tech_management,"ICT project managers schedule, control and direct the resources, people, funding and facilities to achieve the objectives of ICT projects. They establish budgets and timelines, perform risk analysis and quality management, and complete project closure reports.","[""internal risk management policy"", ""quality standards"", ""ICT project management"", ""ICT project management methodologies"", ""blockchain mining principles"", ""coach employees"", ""apply conflict management"", ""perform risk analysis"", ""manage budgets"", ""create project specifications"", ""manage project information"", ""define technology strategy"", ""manage staff"", ""manage ICT project"", ""provide cost benefit analysis reports"", ""recruit employees"", ""manage project changes"", ""analyse business plans"", ""define roadmap for blockchain in applications"", ""develop blockchain technology"", ""identify legal requirements"", ""perform project management"", ""build business relationships"", ""estimate duration of work"", ""train employees"", ""perform resource planning"", ""incremental development"", ""systems development life-cycle"", ""Agile project management"", ""software architecture models"", ""Iterative development"", ""digital systems"", ""Spiral development"", ""object-oriented modelling"", ""Outsourcing model"", ""hybrid model"", ""crowdsourcing strategy"", ""Waterfall development"", ""outsourcing strategy"", ""service-oriented modelling"", ""software design methodologies"", ""Rapid application development"", ""legal requirements of ICT products"", ""Open source model"", ""quality assurance methodologies"", ""ICT system user requirements"", ""project configuration management"", ""Process-based management"", ""lean project management"", ""Agile development"", ""document management"", ""Prototyping development"", ""insourcing strategy"", ""DevOps"", ""ICT process quality models"", ""create solutions to problems"", ""develop information standards"", ""carry out project activities"", ""apply change management"", ""maintain relationship with suppliers"", ""use ICT ticketing system"", ""implement ICT risk management"", ""maintain a central project repository"", ""execute ICT audits"", ""perform procurement processes"", ""manage localisation"", ""use e-procurement"", ""organise project meetings"", ""apply organisational techniques"", ""define technical requirements"", ""draft project documentation""]",71,0.29577464788732394,0.75,0.8,853,437
ict_quality_assurance_manager,ict quality assurance manager,tech_management,"ICT quality assurance managers establish and operate an ICT quality approach through quality management systems, in compliance with internal and external standards and the organisation's culture. They ensure that the management controls are correctly implemented to safeguard asset, data integrity and operations. They focus on the achievement of quality goals, including the maintenance of the external certification according to quality standards and monitor statistics to forecast quality outcomes.","[""internal risk management policy"", ""ICT quality policy"", ""software anomalies"", ""levels of software testing"", ""quality standards"", ""quality assurance methodologies"", ""ICT process quality models"", ""set quality assurance objectives"", ""attend to detail in preparation for audits"", ""comply with legal regulations"", ""oversee quality control"", ""provide software testing documentation"", ""attend to ICT systems quality"", ""execute software tests"", ""perform quality audits"", ""implement strategic planning"", ""systems development life-cycle"", ""Agile project management"", ""ICT security legislation"", ""usability engineering"", ""database quality standards"", ""ICT project management methodologies"", ""application usability"", ""data quality assessment"", ""Process-based management"", ""lean project management"", ""identify customer requirements"", ""implement ICT security policies"", ""develop information standards"", ""define technology strategy"", ""use different communication channels"", ""define data quality criteria"", ""develop automated software tests"", ""apply information security policies"", ""track key performance indicators"", ""manage data"", ""coordinate technological activities"", ""provide technical training"", ""identify ICT system weaknesses""]",39,0.5128205128205128,0.75,0.8,41,26
ict_trainer,ict trainer,tech_management,"ICT trainers conduct training-needs analysis and design programs to train students in the use of software packages and information systems accordingly. They produce and update existing training materials (content and method), deliver effective training in classroom, online or informally, monitor, evaluate and report effectiveness of training. They maintain and update expertise on specialised ICT subjects and evaluate and report on students' performance.","[""digital systems"", ""training  subject expertise"", ""technology education"", ""pedagogy"", ""create SCORM packages"", ""design web-based courses"", ""keep up-to-date with training subjects"", ""create training materials"", ""set up cybersecurity training programmes"", ""apply teaching strategies"", ""evaluate training"", ""organise training"", ""develop digital educational materials"", ""give live presentation"", ""Absorb (learning management systems)"", ""WizIQ"", ""Edmodo"", ""Engrade"", ""cognitive psychology"", ""emergent technologies"", ""Schoology"", ""LAMS"", ""e-learning"", ""Brightspace (learning management systems)"", ""learning management systems"", ""learning technologies"", ""e-learning software infrastructure"", ""Grovo"", ""Litmos"", ""Sakai"", ""Moodle"", ""online moderation techniques"", ""Canvas (learning management systems)"", ""Taleo"", ""instructional design models"", ""deliver online training"", ""develop a coaching style"", ""use presentation software"", ""use different communication channels"", ""assess employees' capability levels"", ""identify training needs"", ""assess students"", ""perform ICT troubleshooting"", ""develop learning curriculum"", ""identify ICT user needs"", ""coach clients""]",46,0.43478260869565216,0.75,0.3,55,42
